Income,Debt,Payment_History,Late_Payments,Credit_Utilization,Credit_Inquiries,Credit_History_Years,Creditworthy
57450,11624,23,4,0.77,7,10,0
47926,14277,50,3,0.64,9,6,0
59715,11037,9,0,0.7,8,27,0
72845,13460,71,1,0.45,0,14,1
46487,5531,20,4,0.54,3,6,0
46487,16066,69,2,0.99,3,14,0
73688,15006,84,1,0.29,2,12,1
61511,10914,56,2,0.48,6,27,0
42957,18296,38,1,0.36,0,22,0
58138,19687,87,3,0.79,8,26,0
43048,6962,32,3,0.79,7,12,0
43014,11186,58,6,0.36,1,8,0
53629,11154,17,1,0.17,1,10,0
21300,10300,55,3,0.11,7,16,0
24126,19147,91,1,0.48,0,20,1
41565,14030,56,4,0.47,6,26,0
34807,13677,95,2,0.99,8,8,0
54713,4980,75,3,0.52,2,9,0
36379,18177,47,1,0.33,6,13,0
28815,8803,41,2,0.9,5,29,0
71984,15299,26,2,0.54,6,20,0
46613,16386,73,2,0.64,6,17,0
51012,21803,51,1,0.19,9,19,0
28628,8455,41,4,0.44,0,17,0
41834,-97,31,1,0.95,2,7,0
51663,15919,25,1,0.63,9,28,0
32735,24002,24,2,0.41,0,1,0
55635,21194,74,2,0.66,4,27,0
40990,16048,22,5,0.92,2,20,0
45624,12541,97,0,0.35,0,29,1
40974,19035,56,0,0.55,1,14,0
77784,10132,51,2,0.96,9,17,0
49797,17381,86,1,0.26,4,13,1
34134,17527,92,4,0.75,2,29,0
62338,20301,30,4,0.65,5,2,0
31687,28798,63,2,0.71,8,27,0
53132,16962,70,1,0.42,5,14,0
20604,12455,32,1,0.38,1,1,0
30077,14872,84,4,0.72,1,29,0
52952,6154,1,1,0.29,7,5,0
61076,11526,17,8,0.48,7,7,0
52570,12953,46,0,0.27,5,19,0
48265,12379,32,1,0.11,9,14,0
45483,15761,100,3,0.97,6,24,0
27822,10887,97,1,0.49,0,14,1
39202,20605,83,3,0.97,8,15,0
43090,15001,34,2,0.23,4,5,0
65856,14953,50,2,0.63,8,5,0
55154,13360,17,1,0.28,1,29,0
23554,15775,87,2,0.81,7,21,0
54861,19125,71,0,0.81,6,24,0
44223,10664,29,1,0.2,3,2,0
39846,11709,43,0,0.92,2,18,0
59175,13481,52,5,0.28,3,28,0
65464,8270,9,4,0.65,3,24,0
63969,10903,86,3,0.99,9,9,0
37411,12618,51,1,0.89,9,27,0
45361,19371,48,2,0.96,7,28,0
54968,16312,10,1,0.41,3,10,0
64633,15967,65,4,0.2,4,26,0
42812,19254,57,1,0.27,1,18,0
47215,14313,89,0,0.55,3,4,0
33404,16952,35,3,0.81,6,8,0
32056,14483,32,1,0.24,2,18,0
62187,16326,46,3,0.69,0,20,0
70343,12086,12,0,0.39,7,26,0
48919,2805,39,2,0.41,7,29,0
65052,14328,88,2,0.7,5,29,0
55424,22113,67,1,0.52,6,17,0
40323,19631,41,3,0.83,9,16,0
55420,19826,18,3,0.24,1,18,0
73070,21180,81,1,0.81,4,7,0
49462,15443,100,1,0.16,6,1,1
73469,15986,93,3,0.27,8,28,0
10703,11911,18,1,0.69,0,1,0
62328,13419,57,0,0.87,2,18,0
51305,18078,22,1,0.33,5,4,0
45514,21019,53,3,0.39,6,23,0
51376,14302,79,4,0.58,5,20,0
20186,12749,64,2,0.29,0,21,0
46704,15002,11,0,0.83,3,20,0
55356,18006,23,2,0.8,5,4,0
72168,7780,33,1,0.23,7,25,0
42225,3519,52,3,0.52,9,6,0
37872,12247,7,2,0.8,3,28,0
42473,8896,17,2,0.4,6,3,0
63731,12459,56,2,0.67,2,6,0
54931,14261,4,0,0.15,7,13,0
42053,12733,25,3,0.65,0,23,0
57699,22262,29,2,0.24,3,7,0
51456,16633,53,0,0.85,7,24,0
64529,16502,12,2,0.42,9,29,0
39469,18111,82,2,0.35,3,4,1
45085,9305,28,2,0.86,1,1,0
44118,20195,2,2,0.15,1,6,0
28047,14621,89,3,0.46,3,24,0
54441,18352,57,1,0.43,3,5,0
53915,9640,75,2,0.36,1,13,1
50076,7231,1,2,0.92,6,19,0
46481,19089,74,3,0.78,5,4,0
28769,16882,27,2,0.16,2,24,0
43690,10489,81,4,0.74,7,6,0
44859,10651,76,2,0.57,7,13,0
37965,20627,100,1,0.91,0,29,0
47580,9052,85,1,0.38,2,5,1
56060,23213,75,0,0.62,4,13,0
78292,10496,1,2,0.55,1,25,0
52618,18191,100,4,0.54,4,10,0
53863,13356,6,1,0.51,9,3,0
48883,18015,25,0,0.29,2,23,0
21218,12279,89,2,0.78,8,25,0
49602,14186,87,0,0.51,0,27,0
50903,15204,75,0,0.96,3,13,0
86948,9989,15,3,0.33,9,27,0
47114,18704,22,2,0.71,5,12,0
54523,12433,39,3,0.95,8,4,0
49479,13857,59,1,0.7,2,10,0
32469,10028,72,1,0.88,2,26,0
67142,2188,31,2,0.84,4,3,0
61278,14044,14,4,0.42,6,17,0
61865,27063,100,3,0.64,4,9,0
36359,18923,12,1,0.24,7,29,0
71041,14903,4,4,0.58,4,1,0
28972,13685,74,1,0.31,6,18,1
58802,15112,73,3,0.77,5,9,0
82856,17735,51,1,0.58,9,21,0
35141,9095,76,1,0.47,1,20,1
41505,20571,40,2,0.34,2,25,0
51494,18576,52,3,1.0,3,9,0
42447,18590,49,1,0.16,4,2,0
26740,17192,14,3,0.14,8,19,0
51028,15098,6,2,0.3,5,28,0
34065,18364,39,2,0.97,0,16,0
57103,17959,27,2,0.98,2,3,0
36208,13229,31,0,0.69,6,16,0
73249,12131,98,5,0.89,7,21,0
38251,15509,14,2,0.29,6,13,0
45169,22745,99,2,0.97,4,3,0
62202,8804,84,0,0.23,9,10,1
31537,7662,69,4,0.19,7,22,0
53411,15823,64,1,0.2,8,18,0
69607,15254,3,1,0.62,6,6,0
25887,15866,10,5,0.8,8,6,0
52769,16219,25,0,0.43,0,18,0
53898,13883,60,2,0.98,8,6,0
61727,22449,36,1,0.49,2,6,0
31445,6995,22,3,0.24,5,22,0
30193,10857,92,2,0.52,7,28,0
57829,14483,84,5,0.71,2,13,0
54454,6784,90,3,0.85,3,14,0
53757,14120,39,2,0.51,6,21,0
55196,23307,76,2,0.63,6,7,0
39799,15104,22,1,0.34,3,13,0
53483,16153,15,0,0.68,8,15,0
54396,8699,93,1,0.99,2,12,0
39284,11918,60,3,0.14,7,21,0
77986,13124,67,1,0.9,7,27,0
57107,13411,79,1,0.61,3,1,0
32130,21408,30,0,0.33,6,28,0
59848,17788,52,2,0.96,3,25,0
35379,9442,24,3,0.54,0,3,0
61806,16232,43,4,0.4,0,18,0
67378,17491,11,2,0.26,0,26,0
37689,20700,89,3,0.32,1,22,0
64450,22902,100,3,0.85,5,8,0
56191,9924,96,2,0.65,9,2,0
62330,10945,91,3,0.92,4,4,0
78451,8712,8,0,0.31,1,18,0
46319,13829,11,2,0.21,7,28,0
38693,17331,68,2,0.11,8,28,0
36657,19936,53,4,0.56,6,25,0
37762,14620,53,2,1.0,8,26,0
48843,13400,27,2,0.73,3,13,0
55117,15758,55,2,0.38,6,15,0
54150,10824,98,2,0.89,4,2,0
62407,25447,68,1,0.8,4,10,0
50195,6961,97,2,0.11,2,2,1
71803,15923,97,3,0.84,8,29,0
46030,25118,76,1,0.37,9,21,0
90802,15033,57,3,0.23,4,12,0
59385,14049,77,3,0.3,5,5,0
37142,13212,74,1,0.52,2,12,0
33936,14098,41,1,0.48,9,23,0
57237,21864,37,4,0.36,6,1,0
46648,3940,67,2,0.25,8,28,0
60710,22667,52,1,0.79,8,2,0
57098,7880,32,1,0.99,9,27,0
48907,13666,70,0,0.8,9,16,0
37298,12853,55,2,0.37,4,27,0
27277,17942,71,3,0.32,6,22,0
43302,7009,100,2,0.3,2,2,1
62845,17310,50,1,0.22,5,16,0
53211,25121,73,1,0.6,7,20,0
31313,8184,42,4,0.64,7,26,0
52597,15948,14,1,0.73,1,16,0
55779,11690,37,1,0.71,5,6,0
36742,17129,14,3,0.36,6,13,0
52305,15095,4,1,0.4,6,12,0
50873,11792,92,1,0.71,2,23,0
32855,17439,82,3,0.41,8,10,0
55366,24021,53,2,0.29,1,5,0
58411,14045,50,2,0.44,2,8,0
66245,18598,9,2,0.34,1,6,0
65807,8533,11,2,0.18,8,5,0
29334,10217,3,3,0.85,3,20,0
35932,17362,94,3,0.87,1,22,0
57725,22420,17,5,0.3,2,6,0
57706,16778,79,1,0.16,3,22,1
57725,13434,35,3,0.76,9,17,0
107790,14996,24,1,0.29,5,6,0
58563,8747,86,0,0.45,4,17,1
67033,18022,75,2,0.16,2,5,1
64310,19411,97,3,0.3,9,23,0
59770,12739,35,1,0.81,7,17,0
45270,12649,100,4,0.82,7,29,0
61384,16329,66,1,0.29,6,17,0
38407,12816,8,0,0.4,2,29,0
46447,14669,60,2,0.22,0,13,0
42719,25498,52,0,0.17,4,22,0
51228,13764,17,4,0.99,0,7,0
84719,13208,42,1,0.69,5,22,0
21991,11762,34,2,0.59,6,21,0
60293,18720,62,1,0.79,4,6,0
25809,14093,97,1,0.86,3,29,0
42921,11753,77,1,0.83,1,14,0
66334,21606,3,2,0.11,4,16,0
50964,22098,92,1,0.27,8,3,0
33833,11997,40,2,0.69,3,9,0
39270,5667,44,3,0.44,1,15,0
60193,20037,49,4,0.98,5,21,0
39044,11576,78,2,0.7,7,18,0
53246,18953,27,2,0.96,1,28,0
50683,5149,41,3,0.28,8,10,0
40225,19462,79,3,0.88,6,10,0
82159,8944,75,2,0.39,1,23,1
59508,18653,68,3,0.99,4,3,0
19622,15071,97,1,0.24,4,1,1
52796,10230,0,4,0.56,6,3,0
40073,12964,38,0,0.81,4,25,0
62786,18431,95,5,0.49,5,5,0
38112,15529,89,2,0.52,8,7,0
48278,17922,16,1,0.99,2,3,0
57574,24882,90,1,0.48,2,4,0
62986,7178,87,1,0.64,7,17,0
31995,23086,34,2,0.15,9,3,0
44982,15521,45,1,0.86,5,23,0
42875,10506,41,4,0.68,9,4,0
40200,8348,38,3,0.46,2,2,0
76481,14054,89,0,0.11,1,14,1
56074,19608,48,2,0.63,1,5,0
31086,14362,61,0,0.11,1,21,0
63767,22555,37,0,0.1,4,2,0
81832,7744,22,2,0.65,4,15,0
65486,14939,21,3,0.27,0,11,0
27209,8738,3,2,0.27,1,22,0
42736,16818,48,2,0.69,1,10,0
69003,19434,58,1,0.15,3,20,0
39384,12896,72,0,0.38,6,1,1
56657,1978,67,2,0.23,2,19,0
61619,15994,70,3,0.62,4,14,0
36096,17183,86,3,0.7,8,25,0
49107,17021,1,3,0.75,4,26,0
1380,21178,48,3,0.33,8,23,0
34634,9644,87,0,0.18,0,29,1
46211,18401,94,1,0.17,8,22,1
31283,20962,30,2,0.48,4,14,0
74486,6107,39,1,0.95,7,1,0
28547,16598,47,4,0.3,4,25,0
43399,12479,50,0,0.33,5,29,0
51961,14592,42,1,0.19,7,9,0
71619,16738,97,4,0.65,1,17,0
28462,12563,54,1,0.71,2,14,0
67447,11621,87,2,0.68,8,13,0
50153,15170,48,4,0.88,4,13,0
35277,9563,89,2,0.54,4,6,0
56931,9570,79,3,0.22,8,7,0
52985,18396,56,1,0.36,9,2,0
40996,9256,76,2,0.7,2,26,0
51047,18331,14,1,0.65,3,8,0
44220,17312,26,3,0.58,6,24,0
51702,6370,67,3,0.71,1,6,0
59931,11612,79,1,0.67,7,25,0
73790,20970,63,3,0.89,4,3,0
31432,10094,93,3,0.63,0,18,0
81995,12677,29,3,0.8,2,18,0
20718,17310,35,2,0.32,8,22,0
47723,18916,66,0,0.71,4,23,0
58824,13742,85,4,0.91,7,6,0
54214,12012,85,1,0.45,0,11,1
40659,22111,48,2,0.8,6,3,0
46878,23694,75,2,0.75,6,16,0
42604,19894,54,1,0.15,7,5,0
41159,15426,84,2,0.62,2,24,0
62744,10958,55,6,0.22,0,22,0
55355,10847,67,0,0.97,8,2,0
39606,17612,94,4,0.83,0,15,0
63493,17091,43,2,0.2,5,16,0
54609,22007,30,1,0.21,8,7,0
62192,18252,57,2,0.64,1,16,0
59444,7484,86,4,0.41,3,24,0
37565,20259,52,1,0.13,1,4,0
41597,10009,83,2,0.59,3,28,0
61209,13080,78,2,0.45,1,16,1
59155,16251,22,5,0.19,0,17,0
49686,24978,27,1,0.82,2,2,0
51759,30549,15,0,0.92,7,16,0
69164,18033,36,2,0.78,4,4,0
41126,14084,20,1,0.84,3,7,0
58206,17672,78,0,0.29,4,18,1
46967,19438,16,1,0.34,5,6,0
46734,13396,36,1,0.29,5,18,0
66481,23976,76,2,0.79,4,28,0
62381,16150,18,2,0.95,5,7,0
62202,17488,29,2,0.75,8,2,0
69582,18329,44,0,0.89,4,19,0
50315,17107,17,3,0.67,5,9,0
60229,19194,77,1,0.45,3,29,1
45345,11913,61,1,0.48,2,4,0
54862,12208,35,3,0.17,5,14,0
48047,9499,99,1,0.13,4,5,1
51454,17197,83,0,0.73,3,25,0
58927,18894,51,1,0.49,4,7,0
37726,17288,18,2,0.6,6,8,0
81385,23372,43,2,0.6,0,15,0
34909,14972,6,1,0.35,0,27,0
31787,18343,43,1,0.53,0,19,0
67371,9541,67,4,0.52,1,27,0
61874,13064,33,3,0.45,8,11,0
59361,18477,65,0,0.84,4,20,0
59425,19245,68,1,0.51,8,23,0
49816,13530,54,3,0.64,4,4,0
36541,14642,9,3,0.91,6,18,0
51137,7410,95,1,0.88,5,14,0
39842,13214,41,2,0.9,1,26,0
64626,19451,40,3,0.34,2,6,0
47794,17876,76,1,0.13,4,25,1
37617,17503,68,0,0.33,3,16,0
45179,15248,9,2,0.35,5,18,0
56193,15035,9,3,0.92,7,1,0
41544,11698,90,2,0.68,7,8,0
37666,18494,59,3,0.17,2,1,0
53655,17104,50,0,0.22,3,1,0
53674,17460,20,2,0.24,0,19,0
42395,12369,7,4,0.67,1,21,0
42934,4233,64,4,0.76,8,29,0
53480,20485,91,2,0.87,9,28,0
28278,12605,77,2,0.95,9,25,0
28888,10686,84,1,0.28,1,27,1
39223,18467,29,1,0.38,5,10,0
46798,13039,84,0,0.32,6,18,1
54663,20299,48,2,0.42,5,12,0
72130,18085,8,0,0.92,7,28,0
62864,18417,16,1,0.62,8,17,0
47600,8170,68,3,0.76,7,1,0
49714,21059,57,0,0.54,4,8,0
34962,16306,56,2,0.13,7,10,0
49722,13153,61,1,0.16,9,26,0
45670,15716,94,2,0.58,9,10,0
54840,6118,51,0,0.75,8,18,0
37591,17043,60,2,0.29,7,29,0
57790,9853,39,1,0.75,1,9,0
72991,8236,37,3,0.83,1,25,0
48368,7388,42,3,0.47,2,2,0
56025,20563,62,2,0.77,6,3,0
60352,11853,18,2,0.46,8,2,0
43981,22668,99,2,0.71,7,6,0
53361,12320,49,0,0.79,8,23,0
50188,6463,32,2,0.99,5,12,0
51465,9417,12,2,0.41,0,22,0
38404,21179,77,1,0.47,3,19,0
50367,14220,96,3,0.25,5,28,0
57469,12258,61,1,0.28,5,15,0
71767,15800,92,1,0.72,7,19,0
64389,17508,42,2,0.93,0,12,0
82297,20586,48,1,0.46,1,18,0
38489,22242,35,1,0.26,1,16,0
63084,13201,9,0,0.36,5,2,0
52750,8369,94,3,0.51,6,11,0
82847,12932,5,2,0.36,1,12,0
37875,16301,56,2,0.31,4,5,0
37404,10181,0,4,0.76,5,27,0
41009,10214,70,1,0.11,3,27,0
18141,16718,57,3,0.59,0,24,0
42113,14756,90,2,0.81,2,6,0
38613,15163,20,2,0.34,9,25,0
52255,11207,91,1,0.64,8,11,0
55126,13847,79,3,0.7,5,21,0
78142,10378,55,1,0.69,1,10,0
64256,19450,86,2,0.5,8,4,0
41346,20176,19,1,0.41,3,9,0
36523,5769,53,3,0.85,7,12,0
57378,10352,24,3,0.78,9,10,0
30196,7517,27,1,0.39,6,27,0
77471,11749,4,2,0.19,2,14,0
67691,14582,20,0,0.16,7,5,0
42962,7751,17,2,0.18,3,1,0
24302,10390,46,2,0.62,1,5,0
70308,9980,69,0,0.15,4,16,0
48281,16036,56,3,0.4,0,5,0
68567,15346,92,4,0.78,7,5,0
26083,11391,18,0,0.36,7,29,0
41009,15884,96,3,0.79,2,18,0
50078,12266,64,1,0.77,0,29,0
50704,13641,2,2,0.32,3,6,0
43249,23367,41,3,0.76,8,21,0
59342,21702,20,2,0.77,8,18,0
33985,8502,98,0,0.46,0,28,1
47864,19148,39,0,0.29,6,10,0
51804,19056,66,1,0.57,5,15,0
57716,9258,24,4,0.93,6,24,0
60674,19093,54,1,0.68,6,22,0
33130,22689,83,0,0.26,7,11,0
26988,9387,51,2,0.71,7,26,0
69165,10412,43,0,0.48,9,28,0
54984,20088,97,3,0.63,1,27,0
38772,16357,84,3,0.76,3,19,0
73267,17757,55,2,0.56,3,25,0
51735,16702,54,4,0.83,9,13,0
67689,16953,86,0,0.75,7,27,0
51012,8367,69,4,0.65,2,27,0
80911,20236,76,1,0.24,2,20,0
76330,20847,86,2,0.85,1,3,0
46265,13853,72,1,0.94,0,16,0
64573,14782,80,1,0.22,7,7,1
59680,7344,65,4,0.54,8,12,0
70529,17571,18,0,0.33,8,29,0
35526,17860,82,0,0.78,7,15,0
60290,14689,6,3,0.75,4,8,0
65876,20621,62,1,0.23,0,23,0
23618,13329,41,2,0.89,8,17,0
32251,17823,41,1,0.26,5,1,0
19411,9901,58,2,0.82,6,29,0
45958,14882,19,3,0.51,7,21,0
60763,14128,72,3,0.4,4,8,0
72535,16126,16,1,0.24,5,14,0
51111,13152,26,1,0.25,6,10,0
74429,14342,46,1,0.7,6,27,0
29298,19130,1,2,0.6,1,19,0
24449,12816,62,2,0.21,0,8,0
49166,6967,61,4,0.2,7,19,0
55760,23747,99,4,0.17,4,4,0
49509,21907,18,4,0.77,9,10,0
18988,8538,16,2,0.74,1,23,0
48663,18448,68,2,0.15,2,3,0
30432,12485,38,0,0.6,5,4,0
60045,16317,81,2,0.18,9,16,1
55498,16471,70,1,0.91,5,24,0
35901,13827,80,2,0.92,7,4,0
42291,11081,38,2,0.73,4,25,0
34111,11547,35,1,0.93,4,20,0
49059,10419,39,5,0.83,6,29,0
64327,10840,44,1,0.85,9,20,0
35214,14664,3,3,0.61,4,13,0
57560,11421,24,2,0.38,8,21,0
42046,18410,68,3,0.3,5,17,0
38106,22436,29,4,0.39,6,23,0
48394,12099,75,1,0.67,7,25,0
34471,16197,67,0,0.26,4,16,0
41695,17498,87,4,0.33,3,28,0
32031,17360,28,3,0.52,7,25,0
79470,15379,72,1,0.31,9,17,1
50528,18713,67,2,0.63,8,6,0
39504,17411,50,4,0.93,0,3,0
53209,8811,23,3,0.77,2,20,0
48315,19345,13,1,0.7,3,24,0
46685,19436,68,0,0.62,6,4,0
59212,11183,17,4,0.54,5,8,0
61362,15189,41,1,0.27,9,20,0
42042,18416,56,1,0.91,9,9,0
41362,13953,82,3,0.32,0,22,0
45874,20364,11,3,0.18,3,1,0
15471,26819,81,2,0.78,5,13,0
27272,11070,16,0,0.26,2,26,0
70503,8094,29,3,0.43,1,2,0
74674,16519,87,1,0.13,1,23,1
46264,18607,74,1,0.22,9,10,1
58648,13845,98,2,0.26,3,23,1
54668,22266,22,1,0.15,0,19,0
96183,8306,80,1,0.69,9,17,0
66793,18464,0,2,0.85,1,24,0
48081,11970,78,1,0.44,9,13,1
35666,23596,31,3,0.89,1,29,0
25903,24962,8,1,0.29,3,26,0
53051,11166,14,1,0.39,3,14,0
38654,12252,27,4,0.24,0,27,0
28666,19297,23,1,0.66,6,11,0
40301,13064,59,3,0.48,6,10,0
33776,14772,34,1,0.65,9,7,0
75307,15126,85,0,0.79,9,10,0
63224,5401,26,3,0.59,9,24,0
49880,14930,82,1,0.66,0,1,0
72199,11551,75,0,0.94,7,14,0
51160,12534,19,3,0.37,9,3,0
37080,22218,64,1,0.42,6,13,0
72846,8717,84,1,0.75,6,2,0
58083,19066,48,4,0.65,5,17,0
34441,13605,0,2,0.26,3,21,0
47144,13601,9,3,0.44,7,3,0
36865,18951,46,2,0.52,1,26,0
29258,16700,58,1,0.48,6,15,0
63892,17853,95,0,0.26,2,8,1
78641,19840,61,2,0.93,2,6,0
29021,13343,85,0,0.79,6,26,0
58444,11938,17,3,0.53,2,9,0
40240,9574,45,1,0.71,4,25,0
42693,10872,31,0,0.91,7,11,0
41114,29745,26,1,0.22,3,22,0
37040,21223,91,1,0.33,6,2,0
50727,8244,17,4,0.59,6,9,0
37535,8387,38,3,0.82,1,18,0
54056,17409,48,3,0.13,7,19,0
49246,17736,92,1,0.99,9,22,0
46415,17744,81,2,0.51,9,18,0
36386,13725,43,3,0.42,8,5,0
41348,14372,71,3,0.36,5,18,0
61330,16639,53,4,0.26,4,12,0
57513,15429,94,0,0.81,0,4,0
35336,3903,33,0,0.96,0,15,0
51489,13851,70,3,0.47,8,11,0
61270,10742,35,2,0.96,3,27,0
24958,15876,17,1,0.84,0,19,0
58150,29926,37,1,0.53,9,5,0
40060,16837,58,1,0.71,2,6,0
58558,13432,8,3,0.49,5,13,0
38551,19609,72,1,0.6,7,23,0
22926,17413,71,0,0.15,9,10,1
25586,17100,50,1,0.73,1,24,0
50721,18034,34,5,0.15,7,25,0
53895,25282,81,1,0.84,0,14,0
36435,9345,4,0,0.84,1,4,0
59578,17368,13,3,0.31,7,20,0
25077,10368,91,2,0.39,6,23,1
49008,17777,29,1,0.53,4,12,0
31834,10406,3,1,0.64,9,15,0
40222,12913,38,4,0.36,1,26,0
50710,13524,83,1,0.63,8,10,0
37093,19879,63,2,0.37,4,11,0
44231,19592,24,2,0.15,7,9,0
65094,8771,27,1,0.1,3,11,0
41346,15274,75,4,0.19,8,2,0
62535,11452,65,1,0.81,9,13,0
33054,8707,77,0,0.97,6,27,0
57947,13914,21,2,0.48,1,22,0
71623,13457,30,0,0.56,2,26,0
12925,27133,22,3,0.23,1,26,0
38046,17164,47,0,0.6,4,8,0
58656,8111,19,5,0.23,1,29,0
46954,12176,37,3,0.65,4,21,0
55567,20106,54,1,0.94,8,21,0
40940,25442,67,2,0.28,1,8,0
51298,7070,78,2,0.79,8,1,0
47664,5600,87,2,0.12,6,6,1
67516,24354,88,1,0.44,6,26,0
53816,16948,0,4,0.2,4,13,0
55064,10658,6,1,0.42,7,9,0
43821,17673,56,4,0.26,6,28,0
42685,1821,94,0,0.44,5,6,1
43511,15016,11,2,0.48,1,15,0
55916,16639,4,2,0.37,5,23,0
43685,19621,49,1,0.69,1,16,0
54346,9930,41,4,0.93,0,4,0
81131,15428,11,2,0.46,8,28,0
63066,10372,17,4,0.27,4,26,0
45109,16276,65,2,0.34,9,17,0
68018,10523,73,3,0.87,9,9,0
43878,12959,78,3,0.61,3,12,0
19428,10020,93,1,0.51,7,22,0
34878,18255,16,0,0.23,4,19,0
21938,19292,67,1,0.5,6,20,0
44727,13826,70,2,0.35,2,26,0
50276,15191,61,2,0.95,7,12,0
75146,7757,40,4,0.9,7,22,0
54903,13501,94,1,0.18,2,6,1
46713,14748,33,3,0.56,8,12,0
62441,28103,69,4,0.3,7,9,0
16832,9440,44,4,0.47,0,20,0
53534,22320,57,1,0.89,7,5,0
61562,19984,50,2,0.57,3,21,0
27821,16403,33,3,0.4,5,3,0
67156,23793,43,0,0.29,9,2,0
55077,16860,14,1,0.82,8,8,0
43770,16945,77,2,0.66,4,10,0
59491,14734,69,3,0.52,6,15,0
84060,21117,49,2,0.3,0,9,0
52727,20482,100,1,0.4,8,10,0
53723,11871,31,1,0.96,5,11,0
43109,8403,66,0,0.57,3,29,0
37252,13985,2,2,0.46,5,9,0
62455,10999,85,2,0.57,4,14,0
37158,14682,85,1,0.8,2,5,0
51073,21187,73,2,0.41,6,27,0
42835,12713,50,3,0.26,2,9,0
57184,14785,66,2,0.63,1,4,0
55004,15290,75,2,0.7,3,2,0
65563,19242,92,3,0.74,6,19,0
42349,3765,47,2,0.89,4,1,0
45951,11966,16,2,0.43,8,21,0
35318,16056,6,1,0.17,9,1,0
43335,21000,12,4,0.96,6,12,0
55659,12540,65,5,0.49,8,11,0
61354,5617,3,1,0.66,8,1,0
36167,18098,9,1,0.7,1,14,0
63044,11823,87,4,0.59,0,27,0
70334,9051,16,2,0.28,3,11,0
56201,11878,51,4,0.78,3,29,0
78151,14077,5,3,0.82,1,7,0
38393,11976,82,2,0.6,2,2,0
31330,3972,68,2,0.54,2,15,0
23319,19485,95,0,0.2,4,8,1
72440,21374,73,2,0.18,0,22,0
59815,18257,8,0,0.41,8,20,0
49166,9311,90,4,0.38,7,25,0
54199,13992,76,3,0.96,7,15,0
33117,14967,82,3,0.81,2,26,0
86686,17993,20,0,0.69,1,8,0
51938,18341,23,4,0.57,0,29,0
51640,11329,3,2,0.25,5,10,0
60886,15409,23,1,0.98,9,19,0
57215,17286,58,1,0.44,0,3,0
53358,22279,98,3,0.2,4,20,0
38142,18522,2,2,0.54,8,14,0
57072,18945,67,1,0.89,8,9,0
78230,15419,100,2,0.9,3,9,0
70181,22052,39,1,0.11,6,21,0
73897,17048,47,2,0.9,6,28,0
42331,10694,53,3,0.34,3,25,0
35155,22016,34,2,0.14,4,6,0
48113,18489,94,1,0.86,8,8,0
50835,12784,55,0,0.88,6,11,0
66412,12602,88,0,0.64,6,8,0
24613,16482,39,1,0.62,9,12,0
72943,17315,76,2,0.83,6,10,0
47629,15986,67,2,0.81,8,23,0
43596,16556,45,2,0.9,4,4,0
34818,23499,77,1,0.6,5,16,0
25177,20357,12,1,0.97,2,20,0
62347,15953,26,2,1.0,0,6,0
51099,19706,5,0,0.2,1,9,0
30650,9837,16,1,0.86,7,23,0
30573,16989,35,3,0.55,0,5,0
44963,24046,98,0,0.45,9,21,0
75035,13909,80,0,0.65,6,24,0
46106,10761,1,1,0.15,4,6,0
27452,11739,76,1,0.56,5,17,0
46313,9551,51,0,0.88,7,17,0
45909,11076,65,2,0.29,3,25,0
9546,13147,51,2,0.48,5,24,0
49185,7972,91,2,0.95,2,22,0
46535,15078,42,0,0.49,6,13,0
60443,19511,89,3,0.42,1,17,0
77734,10461,21,0,0.5,7,14,0
66898,22596,54,2,0.57,6,2,0
45966,17553,66,3,0.67,7,26,0
33402,20152,98,4,0.82,1,19,0
88600,11710,59,2,0.51,2,26,0
50888,19272,57,2,0.84,3,28,0
50208,9540,11,1,0.58,8,3,0
49638,19451,87,4,0.4,4,2,0
52971,15859,68,3,0.69,5,28,0
47834,17766,83,3,0.75,0,2,0
41395,9122,38,2,0.6,3,22,0
41797,10524,12,1,0.15,3,7,0
49508,17986,40,3,0.25,9,4,0
41848,10258,56,1,0.36,7,17,0
39307,17316,52,0,0.35,7,6,0
51596,8164,11,3,0.71,9,7,0
46175,19240,12,2,0.12,5,20,0
72559,8837,73,3,0.78,7,6,0
10235,17761,96,3,0.34,8,9,0
66372,18128,56,0,0.38,4,20,0
68691,11516,39,3,0.58,0,28,0
18899,17910,79,2,0.29,0,26,1
44859,16302,44,2,0.9,1,4,0
44428,12305,34,3,0.18,1,26,0
28887,9957,2,1,0.5,4,28,0
38332,5186,4,1,0.86,6,5,0
33341,16748,89,2,0.65,6,19,0
76284,7175,10,1,0.36,3,10,0
64035,15476,70,0,0.48,3,18,0
69073,13682,55,2,0.74,9,15,0
60825,18395,9,4,0.98,2,25,0
33064,13489,33,2,0.9,1,29,0
42132,13352,66,0,0.41,2,1,0
57340,18659,71,1,1.0,7,5,0
31668,16675,30,5,0.1,0,5,0
60694,16580,74,4,0.12,3,8,0
46395,17346,70,4,0.84,6,22,0
44377,7322,65,4,0.28,4,22,0
60664,18783,69,3,0.15,1,22,0
56663,18062,40,2,0.31,0,20,0
44585,9916,62,1,0.48,5,15,0
67389,13779,31,1,0.76,4,17,0
33784,14803,19,1,0.66,2,19,0
59239,14327,56,0,0.31,8,29,0
58896,16669,97,1,0.55,2,13,0
45356,22156,49,4,0.93,1,26,0
54891,20408,79,0,0.83,4,28,0
31233,8438,24,1,0.39,8,27,0
63860,18110,11,3,0.98,7,22,0
47226,21644,70,1,0.74,5,21,0
42159,16934,38,2,0.16,2,10,0
65735,20454,16,1,0.13,5,17,0
39434,25061,44,2,0.25,4,5,0
28873,20118,10,3,0.76,0,18,0
26650,16246,69,1,0.27,4,17,0
59090,20225,22,5,0.56,6,4,0
30793,15724,90,5,0.18,8,22,0
76321,15119,69,1,0.93,0,7,0
18771,13242,37,0,0.41,2,25,0
75446,22817,1,1,0.92,7,5,0
53165,10907,85,3,0.95,5,8,0
48549,22661,83,1,0.11,4,8,0
41826,17499,88,0,0.52,9,11,0
55987,8003,78,3,0.12,1,9,0
49435,16838,92,2,0.92,2,19,0
66549,4499,71,0,0.57,1,19,0
51713,18127,36,0,0.17,0,9,0
52254,19426,48,1,0.2,6,23,0
44545,12038,51,2,0.45,2,20,0
49145,15617,32,1,0.95,6,17,0
54617,24770,21,0,0.72,6,16,0
24347,12471,4,3,0.88,7,7,0
29777,9705,17,0,0.43,0,26,0
61148,22408,37,2,0.14,4,22,0
52562,24812,36,1,0.98,9,3,0
47240,15018,93,1,0.12,8,21,1
50276,20057,94,3,0.95,6,19,0
55213,21707,63,2,0.43,0,8,0
41903,11287,9,3,0.11,7,5,0
38325,12573,78,3,0.72,2,26,0
52937,21154,41,5,0.98,3,26,0
35324,23425,47,2,0.97,3,6,0
56123,17814,43,0,0.24,9,2,0
24461,10600,81,1,0.26,7,24,1
65437,24935,86,1,0.61,0,25,0
57088,12345,96,2,0.67,7,19,0
53840,13324,15,3,0.77,8,13,0
64740,16711,53,4,0.26,8,6,0
74982,22770,34,0,0.96,4,6,0
65215,19269,97,1,0.67,3,2,0
22386,17074,27,2,0.86,3,26,0
30806,17316,1,2,0.59,8,24,0
40627,15217,93,3,0.47,7,5,0
50391,17790,12,1,0.98,9,11,0
57764,2352,40,1,0.62,9,11,0
39113,13516,79,2,0.88,6,24,0
52801,16206,58,0,0.96,2,14,0
38669,9244,68,3,0.71,3,13,0
40827,16931,91,3,0.59,8,8,0
28900,13977,52,3,0.1,7,15,0
36151,23777,44,3,0.14,0,12,0
29724,22865,19,2,0.28,2,3,0
35361,12670,23,5,0.27,9,21,0
65804,14245,60,3,0.33,1,23,0
35759,14630,90,1,0.37,1,5,1
89485,12741,93,4,0.42,7,6,0
57399,15975,57,2,0.48,5,2,0
52772,11208,26,2,0.19,5,8,0
37124,9346,25,0,0.14,3,5,0
60504,18113,6,1,0.71,0,22,0
41365,18147,41,2,0.58,6,17,0
51830,10978,46,1,0.5,7,26,0
88401,19476,52,3,0.67,1,2,0
48559,11842,58,5,0.84,1,11,0
67239,16265,37,2,0.48,0,4,0
39452,19101,68,2,0.68,3,11,0
49475,14831,86,2,0.96,5,9,0
76562,17273,91,1,0.86,4,6,0
40595,12417,97,1,0.48,3,24,1
77186,14017,52,3,0.68,3,2,0
60616,13970,14,4,0.26,9,26,0
41562,11267,95,2,0.6,6,15,0
59486,14116,25,4,0.98,6,5,0
64588,7256,47,2,0.57,1,28,0
59327,12544,94,3,0.93,6,12,0
26446,13575,18,2,0.47,1,13,0
39092,13719,8,3,1.0,3,17,0
46287,13792,63,2,0.62,0,4,0
48883,14691,92,3,0.14,4,10,0
59310,17397,53,0,0.63,0,1,0
52665,19372,50,2,0.35,3,11,0
29969,11751,38,2,0.13,8,16,0
55702,8983,3,3,0.84,7,11,0
59158,9789,2,2,0.35,5,9,0
58396,12563,63,0,0.82,7,2,0
66211,13240,28,1,0.36,4,7,0
62508,11150,10,4,0.27,6,19,0
56887,8519,96,2,0.98,7,18,0
48947,12719,57,2,0.43,6,29,0
25085,15907,74,1,0.64,3,20,0
56444,17975,26,2,0.65,4,7,0
53115,12212,96,1,0.6,9,23,0
54073,12935,20,2,0.92,5,9,0
30848,10366,38,1,0.71,5,12,0
33784,14842,94,2,0.46,8,29,1
65797,10757,45,1,0.88,9,3,0
49406,17865,65,3,0.26,1,23,0
60222,6070,90,1,0.59,5,22,0
50424,13201,35,2,0.96,2,26,0
50446,16505,74,1,0.66,1,16,0
64074,15919,81,0,0.84,5,7,0
42259,28465,64,1,0.69,3,23,0
51441,16749,62,2,0.86,4,26,0
43065,9979,98,0,0.95,4,5,0
43482,14522,34,2,0.35,2,25,0
45362,6118,30,2,0.25,3,23,0
53332,14597,27,0,0.54,2,7,0
42818,10834,0,1,0.73,6,28,0
68836,19576,24,2,0.3,0,19,0
36580,12252,42,0,0.1,5,17,0
47196,14416,83,4,0.41,3,16,0
43404,11822,66,4,0.97,0,21,0
71704,23694,62,1,0.73,0,24,0
52948,13393,50,2,0.46,4,21,0
65477,24162,1,3,0.27,4,26,0
27716,19070,81,4,0.42,9,19,0
54005,17410,63,3,0.25,6,25,0
63344,16843,73,1,0.2,3,18,1
51234,16968,68,3,0.92,8,19,0
65982,5361,8,1,1.0,3,28,0
42240,13605,1,1,0.25,6,4,0
71140,19225,33,1,0.15,4,26,0
84483,14755,59,3,0.4,4,1,0
44557,7974,60,0,0.52,5,27,0
43317,14737,30,3,0.28,7,4,0
71800,23520,9,0,0.37,4,4,0
73693,21234,75,2,0.28,2,9,0
42157,14689,35,0,0.8,5,8,0
43697,19757,84,0,0.74,1,2,0
45773,13167,48,0,0.67,7,29,0
29833,6480,69,1,0.45,7,23,0
36220,10377,48,1,0.92,2,6,0
34937,22814,2,3,0.97,7,23,0
38483,13630,73,1,0.26,8,11,1
49479,13783,4,0,0.3,4,4,0
53513,13500,89,3,0.57,4,14,0
73257,24520,60,2,0.18,5,21,0
35024,23129,84,1,0.49,6,22,0
64764,26093,89,1,0.62,2,9,0
46790,14204,25,3,0.57,4,2,0
49258,16478,71,3,0.4,0,27,0
60122,7416,4,1,0.59,9,25,0
33159,22384,14,2,0.96,4,26,0
55736,9161,15,3,0.29,3,1,0
52496,16083,0,2,0.69,0,4,0
57386,9513,15,1,0.14,6,12,0
54337,12055,36,2,0.16,0,5,0
86829,10813,2,1,0.6,7,9,0
40433,11960,51,2,0.19,9,22,0
42035,12304,46,4,0.12,1,4,0
40652,12258,94,1,0.25,9,16,1
41667,19166,12,0,0.61,4,2,0
40439,9475,79,1,0.73,5,16,0
67835,16102,54,4,0.28,8,16,0
71307,21089,20,2,0.7,6,21,0
41438,12434,65,0,0.26,5,24,0
37514,11410,53,1,0.65,4,24,0
57071,13847,26,0,0.47,5,22,0
41716,20898,37,3,0.69,3,11,0
59493,15970,89,1,1.0,0,1,0
53043,12343,57,2,0.94,8,15,0
27263,17419,61,2,0.1,4,24,0
73212,9488,45,3,0.9,7,4,0
76938,18406,88,2,0.16,6,18,1
40808,17043,10,1,0.96,7,17,0
44184,13460,71,4,0.35,0,7,0
54287,10807,7,2,0.44,8,18,0
55016,10566,96,2,0.18,0,13,1
59878,17674,70,1,0.2,2,20,0
80153,21144,63,4,0.75,7,20,0
47345,11813,20,1,0.95,0,29,0
38025,17291,71,3,0.65,0,10,0
29310,4564,62,2,0.74,5,1,0
39036,12076,84,1,0.79,4,2,0
49503,14844,63,1,0.34,5,17,0
76918,10451,19,0,0.14,2,22,0
42235,10317,7,1,0.1,9,29,0
53356,11661,57,1,0.42,9,3,0
49753,16460,45,1,0.32,5,17,0
67825,14063,30,3,0.16,1,12,0
87903,3808,92,2,0.26,7,24,1
42036,4396,8,3,0.21,5,12,0
42658,11965,14,0,0.92,3,20,0
65662,17288,93,1,0.23,3,10,1
60228,1262,25,1,0.58,6,7,0
77700,12501,9,5,0.63,2,10,0
58758,12368,28,5,0.59,2,18,0
44610,21941,79,3,0.19,5,22,0
58859,13074,35,3,0.39,8,6,0
66630,16914,83,2,0.15,0,7,1
62307,15706,36,2,0.46,4,28,0
57609,4347,85,2,0.27,0,17,1
66000,18841,70,0,0.61,0,12,0
67539,16076,22,2,0.72,2,17,0
70732,17541,40,1,0.58,2,18,0
59730,34631,92,2,0.49,3,14,0
47493,4579,79,2,0.45,2,11,1
52200,23623,27,4,0.86,5,2,0
68097,13562,47,4,0.3,3,21,0
37745,16436,37,2,0.76,7,1,0
55530,14772,30,2,0.78,0,11,0
44099,12878,13,4,0.48,7,2,0
50431,12150,96,2,0.37,0,16,1
69176,16647,72,4,0.52,0,22,0
52866,7414,90,0,0.18,6,3,1
50696,18752,87,0,0.14,0,20,1
29602,12919,76,2,0.2,8,1,1
61193,9349,89,2,0.27,7,21,1
59682,12749,28,3,0.55,0,20,0
82448,21285,50,3,0.86,1,8,0
45383,12323,48,4,0.31,1,19,0
53287,16792,42,1,0.94,1,26,0
53740,11345,91,2,0.96,5,1,0
73661,18789,91,1,0.96,3,29,0
48570,18427,71,1,0.85,7,26,0
54185,24243,86,5,0.43,0,5,0
59118,14122,92,1,0.17,9,1,1
52799,18343,4,3,0.61,3,11,0
43303,15490,41,1,0.6,9,21,0
52911,21479,6,0,0.86,4,9,0
66104,11405,41,1,1.0,8,5,0
34602,18725,35,0,0.56,4,2,0
51994,14026,26,1,0.41,2,13,0
39498,14679,57,3,0.27,3,18,0
67925,15458,45,2,0.1,9,26,0
27152,16261,65,1,0.56,6,25,0
41616,14418,24,3,0.6,0,12,0
55658,16073,72,3,0.84,5,14,0
73482,22890,26,0,0.55,7,5,0
49013,19927,0,2,0.92,0,27,0
41672,19345,86,1,0.67,7,24,0
78217,12722,73,2,0.86,6,10,0
28279,10553,41,0,0.23,0,20,0
17017,19776,51,3,0.87,8,2,0
56600,19380,24,2,0.71,2,4,0
42469,22363,53,4,0.25,1,12,0
34681,11980,66,1,0.27,6,11,0
60625,13852,5,4,0.93,2,4,0
53657,6802,57,1,0.13,0,11,0
41538,13037,69,1,0.52,9,9,0
30795,19982,52,0,0.38,2,10,0
63086,12667,65,4,0.7,5,27,0
59753,18202,57,4,0.86,2,6,0
48512,14047,81,2,0.42,4,15,1
77699,16620,86,2,0.48,8,10,1
33948,9261,1,2,0.98,6,22,0
27117,15426,75,2,0.81,1,21,0
39621,44,21,4,0.91,0,6,0
49316,14065,36,0,0.49,6,1,0
53650,6847,19,4,0.31,3,29,0
46381,21029,23,1,0.47,6,21,0
55280,18887,83,1,0.74,5,28,0
31226,17333,64,2,0.2,6,22,0
71656,22605,64,3,0.34,3,24,0
48767,10255,80,2,0.14,2,20,1
66759,23736,0,7,0.49,4,21,0
55140,19660,93,5,0.84,2,4,0
56851,13817,2,2,0.12,2,23,0
58546,20678,45,3,0.71,3,26,0
56715,9468,54,2,0.94,7,22,0
59640,10877,74,2,0.31,1,14,1
69937,11957,87,2,0.72,3,20,0
52947,12355,85,2,0.98,2,22,0
60635,9717,63,2,0.97,6,29,0
48653,21115,44,1,0.31,1,20,0
71601,13705,25,0,0.19,0,28,0
39854,16762,76,5,0.23,9,8,0
77014,12148,64,5,0.73,0,11,0
49397,5896,23,1,0.75,5,15,0
28538,16350,73,2,0.71,2,19,0
51921,5438,34,0,0.4,6,8,0
39784,14656,23,1,0.25,7,13,0
62609,8158,27,2,0.62,4,18,0
40210,24936,99,0,0.54,4,22,0
43307,19556,79,2,0.76,1,24,0
21656,15528,15,4,0.5,7,17,0
43215,21318,58,3,0.4,9,6,0
13641,10768,80,3,0.36,0,25,0
26241,17717,53,5,0.29,9,15,0
61406,15999,78,3,0.34,8,13,0
61787,16320,15,6,0.19,0,26,0
56381,21361,14,1,0.41,0,26,0
35495,18662,97,4,0.13,0,18,0
49284,16443,10,0,0.27,6,11,0
49945,6725,64,2,0.77,3,13,0
32624,10199,78,4,0.39,6,1,0
72550,14386,89,2,0.7,4,18,0
63160,15466,67,3,0.75,6,5,0
46685,9348,42,0,0.62,9,6,0
50403,27058,68,0,0.96,6,1,0
53125,22581,98,2,0.12,3,7,0
19373,18010,12,5,0.76,1,27,0
46292,15360,9,1,0.96,7,4,0
39770,13938,74,1,0.88,1,9,0
34975,10240,81,2,0.25,8,15,1
45783,15387,97,2,0.39,4,6,1
76965,16288,40,1,0.26,8,25,0
59612,8791,49,0,0.64,8,17,0
41432,16670,86,3,0.74,7,20,0
58588,14223,70,1,0.39,7,18,0
70990,5460,58,1,0.59,3,22,0
63869,10698,38,1,0.72,3,4,0
50894,12931,2,2,0.48,1,9,0
40295,24438,75,2,0.87,3,14,0
60473,17782,6,2,0.79,3,3,0
55902,8322,48,0,0.16,5,1,0
63427,17430,25,3,0.66,2,27,0
59527,7263,32,4,0.31,1,29,0
65743,20413,100,1,0.6,7,11,0
41971,12644,47,5,0.96,1,1,0
69760,14531,78,2,0.89,7,12,0
52963,21628,1,1,0.46,6,25,0
81128,8564,70,3,0.36,2,9,0
39662,8014,31,2,0.31,5,5,0
76039,12082,3,1,0.58,5,15,0
52968,20191,19,2,0.2,9,18,0
40228,7403,35,1,0.59,4,9,0
42741,839,31,4,0.1,7,13,0
45194,12744,27,3,0.39,4,28,0
56362,17758,76,3,0.3,6,13,0
57842,21001,0,5,0.97,5,24,0
41394,12684,59,1,0.75,6,13,0
49634,12942,55,3,0.41,8,27,0
82134,20769,34,3,0.18,2,10,0
75913,5651,29,5,0.57,9,10,0
56544,13057,53,2,0.29,6,22,0
50570,15952,35,0,0.58,9,7,0
51800,17246,54,2,0.85,2,28,0
59202,12450,88,4,0.65,1,22,0
34658,15172,79,1,0.67,6,5,0
46139,2558,57,4,0.59,3,20,0
24971,11708,82,2,0.93,0,7,0
55988,17267,64,1,0.94,5,20,0
59707,10088,68,2,0.56,5,10,0
42752,15294,50,2,0.38,5,10,0
73609,17234,21,2,0.51,1,26,0
31613,13287,87,3,0.27,0,25,0
28034,15852,100,4,0.67,2,21,0
53366,10186,52,2,0.55,1,24,0
65706,13966,99,0,0.19,5,28,1
75258,18051,35,2,0.28,5,13,0
43116,15784,67,2,0.53,4,15,0
66180,12067,35,1,0.9,9,28,0
49422,16121,51,1,0.61,9,28,0
47410,18573,52,1,0.71,4,6,0
63254,4750,81,1,0.41,8,20,1
59784,20795,49,2,0.61,4,12,0
26354,13318,79,1,0.5,9,19,0
72148,17127,40,2,0.69,5,11,0
70701,20986,17,4,0.15,3,6,0
40616,8141,21,4,0.54,9,1,0
55937,11452,65,2,0.37,0,2,0
57410,13557,20,2,0.39,3,23,0
53910,11081,99,2,0.96,1,15,0
41745,23674,43,0,0.26,9,4,0
39925,10716,46,1,0.38,2,5,0
49616,12222,38,0,0.56,6,15,0
67590,16021,28,1,0.88,6,11,0
58154,8989,53,1,0.48,0,10,0
44440,13021,89,3,0.77,7,17,0
61575,16587,84,2,0.87,6,2,0
7271,13335,16,2,0.38,0,20,0
67231,14533,79,3,0.45,7,24,0
23904,12353,59,1,0.42,1,10,0
44563,7427,30,6,0.85,7,20,0
33204,16607,72,2,0.14,2,3,1
30579,23774,94,4,0.38,9,19,0
67412,15092,77,2,0.71,6,28,0
42984,16126,48,0,0.61,5,5,0
55197,18463,100,3,0.49,4,3,0
49296,8653,1,1,0.59,9,8,0
57155,23512,47,1,0.28,1,5,0
51152,16011,13,2,0.49,1,28,0
30755,23159,58,1,0.55,0,12,0
64944,11334,96,3,0.91,8,14,0
42593,24090,98,2,0.33,7,7,0
26651,18875,57,4,0.88,7,11,0
43578,17765,57,0,0.68,0,8,0
72511,16170,50,2,0.12,4,5,0
62753,13757,83,2,0.75,5,8,0
44770,21002,1,2,0.13,1,12,0
44761,15701,40,3,1.0,9,15,0
45175,5164,82,3,0.89,4,19,0
81151,9414,100,0,0.37,5,16,1
55729,14070,81,2,0.33,8,14,1
56450,16549,15,2,0.44,9,28,0
65454,14717,3,3,0.42,0,7,0
53581,21094,11,3,0.44,9,8,0
46114,5244,28,1,0.39,2,7,0
47054,15717,6,1,0.66,8,18,0
48925,5910,13,2,0.25,0,24,0
49441,18798,11,1,0.86,0,6,0
60914,14527,98,2,0.83,0,26,0
50779,17098,4,5,0.53,6,19,0
60989,10680,80,4,0.87,4,4,0
48789,21397,31,3,0.32,5,23,0
51179,20208,73,4,0.12,7,3,0
20026,17917,42,0,0.66,1,17,0
63744,14352,80,0,0.51,1,22,0
55197,17899,68,0,0.61,2,19,0
64970,11465,44,1,0.91,2,27,0
6556,19277,8,2,0.97,2,15,0
81325,23247,48,1,0.67,3,26,0
47906,20353,32,1,0.79,2,6,0
66622,11351,99,0,0.18,1,26,1
34401,16807,99,3,0.24,8,12,0
59191,8534,17,3,0.76,5,19,0
34198,17861,8,2,0.49,2,6,0
40643,17253,61,2,0.5,8,11,0
78710,5650,56,1,0.38,3,20,0
47139,9191,28,0,0.65,3,29,0
53261,13584,77,1,0.27,7,20,1
63051,13495,24,0,0.66,6,10,0
57435,8952,14,4,0.26,6,26,0
52256,16944,5,2,0.16,9,16,0
55474,16257,41,1,0.4,6,27,0
86051,14028,28,5,0.31,9,18,0
49135,11221,78,1,0.9,4,14,0
53016,20243,92,2,0.15,6,4,0
65759,23277,3,3,0.26,3,27,0
66582,12582,81,1,0.59,7,12,0
67805,11939,56,1,0.53,8,20,0
59580,17456,48,2,0.14,2,27,0
32854,13209,43,1,0.11,6,23,0
74501,14303,79,1,0.99,9,21,0
32804,18698,74,2,0.69,8,8,0
54539,5453,13,0,0.43,0,7,0
38685,21591,2,3,0.52,1,26,0
49037,15363,61,1,0.34,6,9,0
54931,12942,63,1,0.41,1,24,0
54820,14553,44,1,0.68,6,25,0
56328,14812,81,3,0.89,0,17,0
74205,6343,57,3,0.27,2,10,0
56803,22474,19,1,0.86,4,29,0
46337,15206,57,2,0.21,5,28,0
64461,17215,88,2,0.29,8,3,1
67842,19757,56,2,0.13,8,21,0
31585,9894,76,1,0.23,2,25,1
58961,17367,67,2,0.93,7,8,0
60517,13661,77,2,0.51,3,14,0
45536,19233,96,0,0.17,6,26,1
70635,4363,91,3,0.96,5,7,0
47749,14504,51,1,0.89,7,16,0
51883,11985,36,4,0.78,5,18,0
47403,17161,7,3,0.94,3,11,0
50233,17350,43,4,0.3,1,6,0
33555,11461,97,3,0.85,6,20,0
28399,11439,4,0,0.72,3,21,0
73917,14446,68,2,0.88,8,14,0
37295,10516,30,2,0.82,8,21,0
35129,19209,44,1,0.41,6,13,0
17699,13153,8,1,0.8,4,4,0
40415,465,31,1,0.34,2,20,0
30153,13125,32,4,0.4,2,20,0
74630,9807,66,1,0.2,8,11,0
65147,6843,29,2,0.94,8,18,0
39677,8812,75,0,0.36,3,1,1
83786,15547,28,1,0.57,0,12,0
64726,21643,2,4,0.45,9,18,0
45127,16565,89,0,0.96,4,7,0
12508,11967,56,2,0.4,7,12,0
84364,17279,29,0,0.8,9,1,0
29156,12704,8,3,0.87,3,22,0
25319,11526,25,2,0.49,9,4,0
65338,9228,1,2,0.44,9,18,0
86596,6240,61,2,0.77,3,15,0
70764,13050,2,1,0.92,8,3,0
58458,15790,45,2,0.78,8,7,0
58921,14516,67,2,0.3,6,6,0
62801,12920,24,3,0.9,9,15,0
61383,10271,50,3,0.45,7,15,0
54217,18041,12,1,0.62,3,6,0
51563,8414,43,3,0.85,7,8,0
49061,18880,34,3,0.27,5,8,0
38690,9988,54,4,0.81,2,22,0
45789,11237,86,0,0.64,6,1,0
24605,7666,8,1,0.9,2,26,0
48524,12492,1,0,0.25,6,13,0
35171,19876,60,1,0.48,4,23,0
33446,17578,40,0,0.85,3,24,0
52698,19892,43,2,0.12,2,21,0
70880,17610,63,5,0.2,7,13,0
63774,9481,30,0,0.99,3,11,0
26442,13346,46,6,0.35,7,4,0
35155,11099,1,0,0.98,9,7,0
64111,21652,95,4,0.26,2,28,0
35262,9016,81,2,0.42,9,12,1
46630,19468,76,3,0.78,8,27,0
58250,19464,68,1,0.69,5,13,0
35474,24148,57,4,0.62,4,22,0
51580,12951,43,2,0.58,4,12,0
29989,18561,73,1,0.86,2,16,0
40979,26408,55,0,0.31,1,6,0
54796,11911,42,3,0.5,5,14,0
26105,7324,88,4,0.24,0,19,0
56607,5599,33,2,0.64,6,16,0
49705,18563,100,4,0.33,4,27,0
58287,5584,29,3,0.4,3,26,0
53358,13138,70,2,0.52,8,4,0
70462,17186,69,5,0.12,9,5,0
51878,15925,54,1,0.18,0,9,0
43558,17127,66,2,0.72,3,24,0
51834,16111,12,2,0.49,2,3,0
58149,21394,2,1,0.88,5,22,0
50732,10238,25,0,0.73,4,10,0
50608,11615,56,3,0.11,6,17,0
39470,11136,23,3,0.66,0,19,0
40056,19150,52,3,0.18,4,10,0
28960,19501,69,2,0.8,1,12,0
76243,17256,42,3,0.99,1,23,0
31342,20917,59,3,0.58,1,7,0
39606,9109,57,0,0.71,8,18,0
39223,23336,48,1,0.31,9,19,0
63423,22616,41,4,0.49,2,15,0
45575,18678,75,1,0.87,3,7,0
68716,23908,99,2,0.25,4,12,0
39897,6716,65,3,0.34,3,22,0
54184,12377,10,1,0.5,3,29,0
37469,11323,97,1,0.74,4,7,0
82177,18607,89,4,0.44,9,10,0
32186,9749,17,5,0.93,8,25,0
54647,18787,84,1,0.19,8,24,1
59506,21852,99,1,0.43,5,22,0
56206,18476,51,5,0.74,2,28,0
47220,16418,45,0,0.3,5,20,0
48052,10060,43,2,0.69,9,29,0
50657,10765,21,1,0.25,3,10,0
47794,21248,52,2,0.15,2,25,0
64458,18896,58,2,0.21,5,23,0
83157,14804,93,1,0.94,5,5,0
41637,12910,29,3,0.6,1,18,0
29452,4870,7,3,0.82,8,9,0
48675,9645,97,3,0.4,7,16,0
88695,24557,56,1,0.63,5,7,0
37944,8597,72,0,0.55,0,25,0
74586,15947,19,2,0.95,1,27,0
75165,20037,24,1,0.77,3,25,0
41696,8725,18,4,0.76,6,10,0
58534,15923,4,4,0.14,8,5,0
74425,19689,74,1,0.59,9,7,0
44313,15062,78,0,0.52,4,5,0
46946,29342,71,2,0.94,9,15,0
41274,6657,82,2,0.33,1,19,1
34778,20293,86,4,0.34,0,10,0
40260,14135,26,1,0.47,9,8,0
31640,18859,39,1,0.32,0,24,0
50511,17206,95,2,0.22,4,9,1
38450,11334,25,6,0.87,6,11,0
53506,16144,26,1,0.6,8,28,0
26661,5710,61,0,0.88,8,22,0
54963,18016,82,1,0.85,7,2,0
62502,16490,49,1,0.35,0,3,0
20093,18193,41,0,0.59,4,13,0
55610,20290,28,1,0.17,5,11,0
68415,16838,38,1,0.92,5,28,0
31855,15740,59,4,0.46,3,10,0
75088,10594,40,6,0.45,0,27,0
56285,11438,32,1,0.37,2,15,0
39424,20933,82,1,0.51,9,6,0
49163,22181,100,1,0.33,3,1,0
58374,13809,82,2,0.44,3,14,1
51140,15230,96,0,0.82,3,18,0
58081,10476,15,5,0.85,4,24,0
36189,20863,22,2,0.37,8,11,0
52540,18327,6,2,0.52,3,8,0
28794,24706,25,1,0.89,8,22,0
48331,10608,95,1,0.15,8,3,1
36441,13109,11,1,0.9,0,14,0
38967,16157,71,6,0.3,4,2,0
68541,18232,4,2,0.71,8,29,0
66369,13921,91,1,0.62,3,16,0
59137,10635,68,0,0.6,4,6,0
33615,19407,48,4,0.87,3,1,0
45253,18605,25,0,0.19,1,14,0
68196,10418,4,4,0.41,9,10,0
52125,21777,21,1,0.58,1,6,0
84789,20850,78,3,0.83,1,9,0
55899,15671,12,2,0.29,0,7,0
52880,15397,27,2,0.82,2,25,0
45363,17770,32,3,0.46,9,2,0
52003,10691,22,1,0.27,0,11,0
47712,15150,96,1,0.78,3,14,0
60621,4238,17,1,0.18,0,5,0
64350,19382,29,2,0.56,3,9,0
38210,7192,25,1,0.16,2,7,0
30031,22517,15,1,0.42,8,25,0
22456,13349,76,1,0.64,0,14,0
57619,13941,38,3,0.6,7,27,0
33449,11861,32,6,0.46,8,16,0
17706,13559,25,2,0.49,6,22,0
55828,22092,47,0,0.3,0,16,0
87394,2560,64,0,0.51,3,7,0
49908,21384,37,3,0.96,9,10,0
62577,16690,1,3,0.87,0,21,0
51227,8964,5,4,0.23,3,6,0
48516,9623,45,2,0.13,2,17,0
63786,23381,49,0,0.94,1,1,0
45645,10272,37,2,0.57,0,2,0
54010,9233,87,3,0.58,5,27,0
54825,20686,17,2,0.8,6,14,0
39978,16692,26,1,0.38,5,4,0
64880,10310,40,2,0.53,8,27,0
47375,16083,71,2,0.97,8,9,0
38663,9871,91,1,0.7,1,23,0
58047,20504,73,1,0.24,1,6,0
36522,20306,16,4,0.22,8,17,0
50422,17660,61,2,0.28,0,21,0
49863,16808,28,4,0.79,4,11,0
66288,23805,57,1,0.37,0,28,0
57120,14998,69,1,0.12,6,29,0
49624,9090,77,3,0.95,8,4,0
62266,17247,21,2,0.25,5,21,0
70853,25430,5,1,0.11,1,27,0
58367,9926,25,1,0.31,5,9,0
50155,13192,38,1,0.31,8,28,0
30322,17082,11,1,0.48,2,16,0
34023,14730,98,0,0.93,8,3,0
45421,10088,13,3,0.89,7,4,0
40857,20609,21,4,0.51,6,24,0
47195,26600,50,1,0.47,7,3,0
50849,15980,22,3,0.6,9,13,0
57945,10479,47,0,0.32,5,19,0
48942,7255,70,3,0.15,2,29,0
57297,16289,49,1,0.95,6,25,0
50967,20519,88,2,0.27,3,21,0
20368,17375,12,3,0.28,9,26,0
35909,14987,84,2,0.53,4,1,0
47838,12053,9,1,0.54,7,23,0
31854,9539,54,1,0.12,6,23,0
58998,19173,8,2,0.23,6,6,0
72961,19568,78,1,0.44,7,22,1
68281,7271,51,2,0.72,9,3,0
46798,22949,1,2,0.31,2,3,0
72360,17870,24,3,0.48,2,16,0
52230,21997,12,5,0.6,1,10,0
44943,8289,97,2,0.9,0,27,0
40798,8170,50,2,0.39,9,25,0
45462,14255,57,1,0.22,5,17,0
44177,17513,33,4,0.54,5,7,0
52556,23981,34,2,0.77,9,13,0
52408,18530,2,2,0.2,7,28,0
50045,13786,58,0,0.48,5,11,0
56554,9868,69,1,0.12,5,10,0
67859,21150,47,1,0.13,0,7,0
64243,10176,63,1,0.53,6,24,0
27726,23142,18,2,0.37,6,6,0
11691,13578,66,3,0.86,9,24,0
64014,22952,81,3,0.64,8,1,0
29496,18394,72,4,0.51,6,17,0
46628,14315,75,3,0.47,7,25,0
32448,12403,4,1,0.55,3,12,0
22970,13295,66,3,0.14,8,4,0
58121,17141,10,1,0.9,0,3,0
61387,15385,93,2,1.0,7,6,0
41352,12030,67,0,0.26,2,26,0
11134,14171,68,1,0.21,0,28,0
41806,15392,0,1,0.23,1,16,0
55877,4356,90,4,0.69,5,13,0
27816,17290,91,1,0.7,4,28,0
52750,10101,62,2,0.86,2,9,0
49770,9233,28,2,0.78,8,26,0
58689,6563,81,1,0.5,7,11,0
51793,6030,11,3,0.65,2,20,0
35403,8222,76,4,0.72,1,25,0
67948,11454,40,0,0.56,7,21,0
47622,24766,1,2,0.53,4,13,0
49590,12370,36,2,0.68,8,23,0
36000,15888,44,5,0.6,0,19,0
43350,17002,79,2,0.68,9,3,0
36727,15655,47,2,0.65,2,12,0
47405,14612,23,4,0.75,4,19,0
75675,9023,98,1,0.68,1,8,0
29421,22254,21,4,0.57,2,14,0
25796,24035,99,3,0.71,3,22,0
72067,6586,10,6,0.5,3,9,0
46860,9879,57,0,0.32,8,25,0
39963,13600,45,3,0.1,0,24,0
65598,10177,28,1,0.6,8,17,0
40915,17529,34,1,0.63,8,6,0
77390,11358,14,2,0.97,5,4,0
60168,25825,59,2,0.43,0,4,0
42681,20952,94,1,0.45,5,19,0
82359,16062,41,2,0.28,7,12,0
40914,20134,42,3,0.16,4,25,0
61131,20529,79,2,0.8,4,2,0
54489,12180,73,2,0.32,0,17,1
69526,10918,48,4,0.65,0,15,0
73422,15390,63,1,0.72,7,10,0
50480,19308,31,0,0.52,4,3,0
38698,15695,63,3,0.89,7,29,0
56899,7115,1,2,0.5,9,20,0
39834,10985,23,5,0.36,1,4,0
80200,14630,86,3,0.91,3,22,0
52048,14621,65,7,0.88,9,1,0
44520,24862,37,1,0.25,8,1,0
52770,8070,30,4,0.12,2,18,0
29793,17527,25,1,0.18,5,4,0
35425,22445,28,2,0.36,6,23,0
68006,26357,66,4,0.98,2,22,0
40146,12978,77,2,0.6,0,15,0
34296,17457,24,0,0.44,1,27,0
58049,17848,47,2,0.9,9,25,0
67785,15977,64,2,0.51,6,23,0
60784,14505,52,0,0.38,6,28,0
64940,17179,66,1,0.95,0,21,0
38648,2338,89,3,0.86,9,22,0
28672,18410,17,0,0.86,6,10,0
72520,15630,8,1,0.56,9,25,0
45159,13887,37,1,0.81,5,17,0
46237,25234,86,2,0.26,5,27,0
69922,11625,20,0,0.62,6,25,0
58343,12984,64,0,0.99,6,22,0
56838,24957,20,0,0.36,0,12,0
82475,10839,26,3,0.81,9,20,0
40347,12249,69,3,0.54,4,12,0
63917,14264,43,0,0.14,7,16,0
50855,19203,99,2,0.79,7,5,0
54028,16039,27,3,0.25,2,29,0
72927,8536,44,5,0.67,2,16,0
57617,12339,16,3,0.18,6,17,0
58074,11963,39,1,0.95,3,23,0
66087,14613,2,3,0.36,5,29,0
44525,17129,75,2,0.3,8,15,1
37411,17091,75,0,0.22,9,13,1
34327,6119,65,2,0.95,1,8,0
20504,20319,45,4,0.74,1,27,0
80843,16262,85,3,0.77,5,21,0
33451,21922,86,2,0.55,2,2,0
46681,17220,29,3,0.53,0,8,0
45847,20506,68,3,0.2,1,10,0
54611,17332,8,1,0.6,6,7,0
62236,21731,84,1,0.32,3,10,0
62907,17611,10,5,0.98,1,25,0
41253,14510,68,2,0.82,7,4,0
47493,26362,98,4,0.47,3,11,0
54238,19445,90,4,0.24,3,9,0
46269,17868,65,2,0.81,1,4,0
74110,8618,87,2,0.21,0,3,1
57364,8558,30,3,0.27,0,11,0
61023,16463,32,4,0.29,2,3,0
59943,15727,38,1,0.6,5,26,0
67602,11929,93,2,0.81,6,18,0
52715,15704,45,1,0.38,8,26,0
30547,22943,36,6,0.18,4,19,0
55995,18477,91,2,0.52,8,14,0
40229,9294,59,2,0.77,7,24,0
42070,14442,30,1,0.3,0,11,0
58795,10975,10,4,0.3,2,24,0
68574,13061,86,2,0.95,7,2,0
50319,12931,1,3,0.96,8,27,0
54632,12611,26,1,0.99,3,2,0
75533,8724,98,4,0.83,5,2,0
53611,14361,1,4,0.27,3,10,0
89025,12196,100,0,0.29,8,23,1
58482,352,20,8,0.41,1,15,0
23588,25264,57,3,0.39,5,22,0
61300,20443,4,2,0.96,2,12,0
55717,13118,51,3,0.81,9,11,0
69346,15094,44,0,0.75,3,17,0
60097,9141,84,2,0.27,1,18,1
47923,23478,92,2,0.92,7,14,0
31635,24486,19,1,0.85,9,17,0
46864,15783,60,3,0.25,7,15,0
37242,20117,37,2,0.88,0,12,0
41292,15876,19,2,0.35,9,27,0
58828,8316,24,2,0.17,5,16,0
75048,12940,1,3,0.69,0,23,0
55920,15659,31,3,0.69,5,6,0
32061,12727,25,3,0.19,6,2,0
56669,13906,69,1,0.39,1,2,0
67949,14543,40,2,0.99,8,16,0
40853,14595,66,3,0.71,7,2,0
47989,15261,96,0,0.76,8,8,0
50220,9696,0,3,0.29,9,7,0
38226,11414,50,1,0.17,3,1,0
59724,8577,4,1,0.35,3,4,0
48185,19889,12,0,0.32,7,11,0
56292,4471,18,2,0.31,0,20,0
36687,20767,11,3,0.27,7,7,0
43438,21931,47,2,0.62,6,18,0
60835,13489,24,4,0.4,6,4,0
44407,1984,56,1,0.84,8,17,0
75904,13193,34,2,0.27,9,29,0
44005,14679,75,1,0.52,6,29,0
53370,9947,93,2,0.11,1,11,1
63988,12423,4,4,0.53,0,11,0
28724,22650,97,0,0.15,0,20,0
23587,18324,21,3,0.98,6,11,0
27115,10377,76,1,0.81,4,15,0
68938,7012,56,2,0.54,3,14,0
41722,13364,46,1,0.18,4,17,0
88372,13932,53,2,0.63,9,2,0
41536,17480,2,3,0.78,9,18,0
52768,12323,52,3,0.27,5,16,0
73131,17557,83,1,0.61,9,12,0
80091,24675,30,1,0.83,5,10,0
80922,19077,68,3,0.79,0,28,0
68125,14759,87,5,0.82,1,16,0
65360,14084,32,1,0.89,2,3,0
58887,13216,71,3,0.94,3,8,0
61675,20903,87,1,0.46,5,27,0
41732,11863,49,1,0.61,8,22,0
37727,15226,83,2,0.81,1,22,0
49949,15255,15,0,0.73,7,25,0
47447,12491,75,2,1.0,8,24,0
43201,8137,76,2,0.11,1,2,1
60445,16614,38,1,0.42,8,22,0
64329,14694,88,4,0.35,6,1,0
51326,17501,45,5,0.34,8,29,0
72162,12331,95,2,0.3,5,14,1
32874,21104,87,1,0.74,1,25,0
47095,10616,46,2,0.18,7,4,0
39247,23560,43,3,0.77,9,4,0
22001,6261,8,0,0.72,8,9,0
48759,17173,86,1,0.33,7,3,1
48173,17377,49,5,0.33,1,5,0
72701,11022,76,3,0.67,7,1,0
59462,17121,59,0,0.79,2,22,0
34637,21397,95,4,0.89,2,19,0
77811,3915,14,2,0.87,8,1,0
68315,17513,35,2,0.97,8,10,0
58731,2533,62,1,0.62,8,22,0
46602,10171,68,4,0.92,3,12,0
35608,23145,85,1,0.83,6,10,0
44416,12091,79,1,0.91,7,2,0
66331,9130,40,3,0.11,4,16,0
78268,14010,73,2,0.97,0,8,0
73148,25339,23,2,0.53,8,14,0
42667,5841,81,1,0.82,5,29,0
33205,9743,48,2,0.21,2,15,0
52113,22487,17,2,0.46,2,16,0
23473,24288,6,1,0.34,9,11,0
54847,14482,3,2,0.36,0,12,0
47785,8804,89,1,0.21,7,2,1
43009,25479,68,3,0.83,1,4,0
26079,22972,59,0,0.11,0,3,0
57704,18394,54,1,0.38,6,9,0
42009,10937,15,2,0.26,8,18,0
32451,14754,98,3,0.63,5,19,0
6916,14198,89,3,0.33,7,7,0
49587,16654,81,0,0.33,7,4,1
76583,22255,28,1,0.54,8,6,0
74918,19397,22,2,0.69,6,19,0
43143,9613,13,0,0.21,8,1,0
40966,21882,78,2,0.26,8,16,0
57031,16565,48,3,0.32,0,11,0
35024,18435,32,2,0.98,5,22,0
54526,22332,24,4,0.46,7,4,0
61491,9442,20,2,0.64,9,18,0
68403,14820,16,2,0.32,8,23,0
48497,12342,22,0,0.54,3,26,0
46944,7160,56,0,0.17,1,29,0
36830,16733,80,2,0.13,8,28,1
37596,27557,57,1,0.52,8,29,0
46602,5799,13,1,0.46,7,5,0
55510,14838,92,3,0.22,2,22,0
63703,18202,19,2,0.72,4,6,0
37952,15615,29,4,0.99,1,25,0
72390,14434,18,3,0.46,2,28,0
45933,8503,52,2,0.66,0,2,0
49679,16163,55,1,0.97,3,12,0
38791,11216,76,1,0.85,4,22,0
13636,4050,81,2,0.52,1,9,0
63260,20972,22,5,0.76,2,28,0
61052,19791,61,4,0.22,5,20,0
45780,15258,32,1,0.56,5,29,0
51004,16145,17,0,0.35,6,12,0
57739,20371,72,0,0.25,8,29,0
26561,16121,32,5,0.48,3,13,0
42064,19520,31,4,0.22,4,27,0
61913,13512,60,2,0.73,1,22,0
31185,21559,53,2,0.51,5,23,0
54403,16603,16,4,0.58,3,17,0
29651,15970,18,3,0.23,4,5,0
56996,8649,90,6,0.23,6,20,0
49465,16434,69,0,0.63,5,13,0
25773,10840,98,3,0.99,7,29,0
67471,11808,100,1,0.19,5,13,1
38981,10923,33,1,0.36,9,10,0
37846,9668,83,1,0.88,7,15,0
53008,25623,24,5,0.17,3,15,0
67229,21656,67,6,0.89,6,18,0
34762,24601,73,1,0.57,2,18,0
50925,8885,73,2,0.47,0,2,1
56432,15356,87,0,0.38,8,23,1
60396,8532,84,0,0.37,8,11,1
52646,11521,10,4,0.38,5,13,0
44494,10409,90,2,0.9,1,11,0
37586,21197,15,1,0.75,7,4,0
51292,13018,89,2,0.7,9,15,0
33917,20341,60,0,0.82,5,22,0
6179,18020,93,0,0.33,6,23,1
56548,26518,79,2,0.66,0,25,0
63559,7602,6,2,0.51,2,11,0
14556,21296,15,0,0.8,0,18,0
34854,20732,98,2,0.38,9,16,0
59287,10133,15,1,0.68,0,10,0
80862,20035,39,3,0.89,0,12,0
50311,16680,11,4,0.46,3,13,0
39079,13862,34,4,0.16,6,9,0
47256,10880,20,2,0.56,6,27,0
70623,11404,49,4,0.41,4,21,0
40310,25249,42,4,0.71,5,13,0
38012,15003,99,2,0.96,1,6,0
42758,18910,16,2,0.54,4,6,0
35700,11045,31,0,0.52,6,11,0
51840,11100,40,4,0.69,8,19,0
74370,20409,5,3,0.19,5,27,0
54846,8252,87,2,0.33,9,11,1
46214,12923,26,3,0.93,3,10,0
45622,15170,19,3,0.7,2,23,0
26552,15556,24,2,0.11,8,15,0
63246,14104,65,6,0.28,6,13,0
48832,16979,8,1,0.71,5,23,0
47292,18464,91,2,0.79,6,8,0
97896,18673,52,2,0.86,7,5,0
54481,10070,60,2,0.36,4,2,0
38723,13579,37,3,0.94,2,16,0
43604,20973,2,2,0.6,2,13,0
67226,19473,83,3,0.73,1,19,0
51699,8135,69,1,0.64,7,9,0
28425,16757,96,1,0.21,0,15,1
63788,5108,54,0,0.97,7,6,0
39977,15234,0,6,0.21,2,8,0
78099,24488,100,2,0.33,8,24,0
66200,10260,69,6,0.83,1,14,0
43290,10828,44,2,0.66,9,5,0
69215,18820,97,1,0.85,8,17,0
51017,7285,46,1,0.56,5,22,0
62791,11836,78,0,0.44,0,7,1
57270,17982,25,2,0.93,4,9,0
37304,11828,13,2,0.13,9,16,0
40346,13820,53,5,0.87,8,18,0
65449,18720,70,1,0.31,5,28,0
44978,17107,45,1,0.86,6,13,0
43945,16334,30,2,0.23,3,18,0
35673,13304,87,2,0.62,0,10,0
56353,16850,58,2,0.9,4,1,0
80937,14381,94,0,0.53,1,21,0
33987,17289,28,3,0.77,7,18,0
50363,12515,95,3,0.82,3,19,0
71183,14087,16,3,0.76,0,2,0
48805,10050,13,1,0.93,9,27,0
56785,14824,35,3,0.5,6,4,0
34064,10944,57,1,0.26,1,11,0
56424,9429,23,2,0.14,2,3,0
47192,16293,62,2,0.32,8,9,0
64785,16063,90,1,0.23,8,10,1
67810,18914,24,5,0.6,1,28,0
88843,12844,58,1,0.27,2,2,0
58694,17040,31,2,0.14,8,7,0
54886,17753,81,1,0.13,0,15,1
52915,17223,17,4,0.85,1,27,0
44702,10871,36,2,0.63,1,19,0
55077,15746,25,1,0.42,9,10,0
45568,16820,8,1,0.9,2,24,0
52526,15035,98,1,0.16,9,20,1
69763,4567,63,3,0.98,2,14,0
34901,15802,71,1,0.65,9,4,0
67098,26062,19,1,0.27,1,25,0
69756,13199,53,3,0.71,7,11,0
48228,11359,85,3,0.79,7,3,0
18172,16866,82,2,0.49,7,23,1
40882,16561,29,0,0.88,1,17,0
69454,20963,52,1,0.24,8,7,0
49656,8710,91,2,0.35,6,26,1
35010,18656,98,1,0.18,4,11,1
42428,17952,62,0,0.29,6,18,0
62609,14289,10,0,0.31,7,28,0
58201,16693,30,0,0.93,8,14,0
46416,20147,48,2,0.17,1,14,0
44497,19361,99,0,0.48,5,6,1
44123,9284,93,0,0.58,8,29,0
36163,19100,86,5,0.91,5,9,0
74230,14676,18,3,1.0,1,22,0
45165,15364,11,1,0.78,0,3,0
68257,15365,14,0,0.97,2,17,0
72819,14248,30,2,0.81,4,28,0
64974,20958,42,0,0.97,6,12,0
43525,14581,100,1,0.74,9,4,0
56055,9402,36,1,0.17,9,20,0
49637,13032,78,2,0.46,2,16,1
36444,15893,28,2,0.68,8,29,0
54865,21146,25,3,0.42,9,24,0
32314,18015,1,2,0.35,3,10,0
67815,10747,83,2,0.62,9,26,0
43030,27425,14,2,0.94,1,29,0
53017,16323,3,0,0.13,2,7,0
54249,21376,85,2,0.79,4,10,0
46116,14241,49,0,0.75,2,7,0
58800,17666,37,0,0.97,4,23,0
42876,19197,22,4,0.94,3,28,0
63069,21090,58,2,0.79,9,18,0
29810,20286,89,3,0.57,2,9,0
51895,19360,74,4,0.28,5,22,0
79083,13424,27,4,0.59,7,18,0
34995,12141,65,1,0.79,3,17,0
39833,16663,7,3,0.91,8,11,0
57708,19665,28,1,0.81,5,1,0
52693,13886,10,3,0.28,4,17,0
55259,20325,100,1,0.64,2,4,0
57337,22263,17,2,0.4,4,4,0
59520,10418,54,3,0.11,4,14,0
66645,10815,49,1,0.28,3,28,0
56147,14298,13,4,0.2,5,9,0
46381,16538,73,2,0.86,2,13,0
60088,12377,98,0,0.33,9,28,1
78498,21761,8,1,0.36,0,28,0
48010,17120,98,0,0.96,6,16,0
35382,15197,10,1,0.44,6,1,0
66606,7820,62,4,0.11,3,3,0
48194,8420,75,2,0.36,8,19,1
17409,16405,66,2,0.21,1,8,0
62711,4337,52,1,0.19,0,18,0
41970,20063,38,1,0.17,2,6,0
48642,14209,77,4,0.63,6,27,0
54979,31215,55,4,0.27,8,20,0
52857,26539,27,1,0.43,1,29,0
60641,14092,74,4,0.88,5,26,0
43467,14468,38,0,0.48,2,6,0
57696,19977,24,2,0.92,4,29,0
46106,23515,20,0,0.55,8,5,0
61082,6809,9,2,0.46,2,12,0
59230,6068,42,1,0.78,0,9,0
35968,11889,14,3,0.17,4,9,0
66289,17913,82,3,0.18,0,17,0
41960,17484,47,0,0.69,7,19,0
62120,20348,85,2,0.54,6,17,0
55509,9001,20,0,0.81,1,22,0
77572,3419,59,2,0.92,8,16,0
46648,19290,95,1,0.45,4,12,1
44760,10859,49,3,0.64,6,3,0
49708,4907,22,2,0.55,3,14,0
45452,15725,12,1,0.98,0,17,0
61999,18965,68,2,0.85,7,22,0
25755,14389,3,3,0.92,0,16,0
34194,12710,91,3,0.33,2,21,0
33982,14203,77,0,0.8,5,12,0
64254,13147,71,1,0.34,7,28,1
75659,8259,8,4,0.29,7,24,0
48433,11426,34,3,0.95,1,2,0
47467,17606,100,1,0.12,8,8,1
51050,16608,20,0,0.97,3,12,0
67428,15840,57,4,0.23,3,21,0
36089,10024,17,1,0.84,1,16,0
53575,14092,96,3,0.35,0,8,0
64627,4114,71,1,0.42,9,28,1
57516,15892,80,2,0.3,6,16,1
52843,22144,42,4,0.63,9,10,0
65015,7629,94,1,0.41,2,20,1
9451,12070,97,4,0.69,3,15,0
60168,16645,5,2,0.11,8,4,0
40188,21264,85,3,0.16,5,26,0
22540,12758,77,4,0.19,0,15,0
57668,11538,66,5,0.48,8,4,0
70604,5155,11,1,0.83,8,11,0
47938,15517,99,2,0.9,4,6,0
64293,25210,11,3,0.32,7,4,0
74184,16386,65,0,0.62,6,9,0
69723,14888,1,1,0.79,7,9,0
74599,16610,14,2,0.36,8,3,0
61131,14944,22,0,0.47,1,23,0
51131,10934,28,2,0.57,9,28,0
25970,19116,80,4,0.22,4,5,0
46309,16128,95,3,0.12,7,15,0
37351,15088,6,2,0.24,2,28,0
82564,10123,93,4,0.66,5,9,0
47361,21517,27,3,0.17,5,2,0
51848,18323,13,0,0.27,6,3,0
58272,12235,43,2,0.4,2,26,0
50654,20009,29,5,0.17,7,21,0
75425,12512,80,1,0.27,7,12,1
40660,11089,31,2,0.92,8,16,0
52919,11201,69,2,0.12,7,5,0
38862,6144,87,2,0.69,2,10,0
30199,17357,5,1,0.45,5,28,0
40823,5844,26,2,0.71,8,15,0
49444,8857,81,0,0.63,0,14,0
43560,4622,87,0,0.3,2,14,1
39613,14569,100,0,0.86,1,23,0
28905,14248,23,2,0.54,7,13,0
48753,13366,33,5,0.84,5,16,0
27429,9787,39,3,0.47,9,8,0
61400,9138,46,4,0.99,7,8,0
51236,17321,78,1,0.79,1,17,0
28136,12247,74,2,0.97,5,17,0
45361,16581,85,3,0.56,6,3,0
38717,10573,23,2,0.53,7,1,0
54787,15905,64,3,0.78,8,17,0
70106,21516,17,5,0.89,4,26,0
21872,17930,43,3,0.97,2,24,0
51725,12937,75,1,0.39,1,16,1
47598,16285,56,2,0.82,7,17,0
60070,13796,27,1,0.29,0,25,0
53197,15039,70,2,0.59,9,2,0
38720,13371,22,1,0.26,5,25,0
45214,14178,84,2,0.41,1,14,1
38059,16060,33,1,0.94,2,7,0
66140,10033,10,3,0.23,7,25,0
50319,9920,85,3,0.67,0,19,0
78517,8057,34,3,0.63,5,1,0
49090,6998,92,0,0.21,2,17,1
39373,8913,41,0,0.39,5,27,0
27294,15797,27,1,0.61,2,10,0
22952,10536,81,1,0.27,7,6,1
26237,17568,77,4,0.82,4,7,0
54006,15173,81,1,0.97,3,25,0
57630,5157,91,2,0.29,8,6,1
26282,18274,23,1,0.27,4,5,0
63425,19053,7,2,0.51,3,2,0
42754,10030,52,0,0.77,7,18,0
52201,17100,71,4,0.35,7,24,0
74183,10717,3,2,0.12,7,17,0
63452,15488,90,0,0.59,3,24,0
45972,8677,99,2,0.96,0,27,0
36632,6034,4,3,0.45,1,26,0
17722,13085,96,2,0.48,3,27,1
39212,14381,48,2,0.97,9,23,0
46833,13011,97,2,0.73,1,7,0
35192,9079,29,0,0.75,9,21,0
48031,13000,71,0,0.61,2,19,0
51152,16346,62,1,0.98,8,7,0
46627,14775,46,3,0.72,8,23,0
40249,15912,25,4,0.91,8,7,0
52529,11649,56,2,0.73,6,16,0
56629,20858,36,2,0.76,3,12,0
33644,9119,97,2,0.36,0,15,1
71163,17437,6,0,0.37,2,15,0
48521,20909,39,0,0.8,7,11,0
50282,17404,91,0,0.37,3,2,1
60623,13987,38,0,0.61,9,3,0
53498,12358,61,1,0.32,9,19,0
64297,20180,91,2,0.84,1,20,0
54306,7885,77,3,0.2,7,28,0
40813,10149,52,6,0.85,6,25,0
55422,13012,3,3,0.64,9,26,0
32844,21188,81,2,0.27,8,15,0
51628,16898,24,2,0.59,1,16,0
49501,10159,6,0,0.35,4,1,0
46878,13448,27,1,0.39,5,15,0
48071,11928,68,2,0.42,1,12,0
21772,11451,66,1,0.16,1,7,0
41769,19894,94,1,0.99,9,7,0
51392,8141,19,0,0.13,3,11,0
52397,23043,82,0,0.7,7,20,0
34584,19141,10,3,0.43,4,29,0
68985,20454,66,1,0.68,8,11,0
37007,12685,86,1,0.42,3,17,1
64541,14250,6,4,0.71,2,3,0
56407,7834,22,3,0.76,9,16,0
40306,12376,60,2,0.72,7,5,0
76629,17468,70,5,0.2,0,28,0
32095,21480,33,2,0.69,8,2,0
63787,9464,18,1,0.35,3,23,0
65008,13172,57,4,0.13,8,26,0
39940,14243,8,4,0.47,7,26,0
70886,8021,47,4,0.49,2,7,0
46249,17956,81,3,0.52,2,28,0
54330,11380,40,1,0.73,8,10,0
53904,14023,47,3,0.38,2,5,0
47985,12740,44,0,0.38,3,15,0
62162,11053,24,0,0.15,8,12,0
61902,14964,77,4,0.72,3,10,0
23772,13921,24,5,0.61,2,22,0
69565,13140,18,2,0.41,6,17,0
25062,11357,38,1,0.73,5,20,0
65488,16597,78,1,0.58,0,20,0
66900,23268,79,1,0.52,9,11,0
33635,15699,26,3,0.56,7,8,0
43837,19980,73,0,0.67,0,15,0
33414,8048,62,2,0.69,3,2,0
46776,15788,67,0,0.36,5,17,0
45379,9513,18,2,0.23,5,23,0
61694,7615,27,0,0.24,6,6,0
69654,11303,84,5,0.68,4,21,0
70935,20959,77,2,0.89,4,28,0
41567,19750,32,2,0.47,3,13,0
46861,16215,9,7,0.25,5,29,0
24748,7336,82,1,0.78,6,29,0
37911,14018,29,3,0.85,9,8,0
64472,16508,21,0,0.89,9,11,0
74233,15877,2,1,0.65,0,15,0
31484,5781,100,2,0.87,8,13,0
41113,10548,81,1,0.11,7,18,1
49603,14679,74,2,0.2,6,18,1
54202,17681,47,0,0.18,8,25,0
37855,4019,1,1,0.74,2,17,0
56360,14189,75,0,0.16,9,22,1
42892,15715,53,4,0.55,3,13,0
49783,19248,5,2,0.53,6,29,0
58194,18464,39,1,0.38,5,3,0
50096,17912,92,0,0.88,1,29,0
43454,11000,93,8,0.25,1,21,0
48355,5459,1,1,0.42,9,24,0
48674,13034,72,3,0.8,6,7,0
44449,20008,1,2,0.13,8,29,0
46118,21967,92,1,0.71,8,12,0
73979,18552,96,1,0.83,6,4,0
58413,17146,73,4,0.94,7,24,0
45567,16898,97,1,0.89,9,27,0
60454,12219,54,1,0.39,2,27,0
44992,14349,71,2,0.63,0,26,0
67596,23345,100,2,0.17,6,11,0
55544,10287,59,0,0.33,7,14,0
48390,23073,96,2,0.18,1,18,0
56715,13389,5,1,0.38,8,7,0
26436,21627,18,3,0.89,3,5,0
33098,7965,95,1,0.41,9,16,1
32091,17929,26,2,0.61,8,11,0
52144,11316,0,6,0.49,2,22,0
75987,7923,32,3,0.51,7,3,0
83469,16092,39,0,0.97,1,16,0
59570,20047,31,2,0.37,2,11,0
57512,10775,68,4,0.66,0,10,0
22984,7504,16,0,0.48,4,23,0
41859,14540,7,3,0.16,3,23,0
38183,14562,56,2,0.54,0,2,0
40687,17741,41,3,0.83,9,16,0
47477,19747,97,2,0.19,8,17,1
42918,14702,8,3,0.16,5,10,0
20310,24277,86,1,0.24,5,18,0
61218,16121,34,3,0.79,1,12,0
33908,13267,70,1,0.75,6,8,0
53588,6942,78,5,0.61,8,27,0
81111,13686,52,0,0.52,5,26,0
36209,13318,53,6,0.9,7,3,0
12045,19801,83,3,0.79,4,27,0
45709,17312,24,2,0.83,1,20,0
66514,9103,66,3,0.83,3,24,0
79375,15861,61,1,0.68,0,3,0
31556,18357,54,3,0.51,0,6,0
57450,22640,45,1,0.88,5,2,0
43020,19437,23,2,0.93,1,3,0
48410,18804,97,2,0.12,5,17,1
89665,15300,45,1,0.15,0,9,0
27455,16941,21,2,0.96,9,4,0
53806,21247,10,2,0.35,2,22,0
57015,8336,47,2,0.89,8,23,0
66286,13252,7,5,0.45,1,2,0
51469,11137,38,1,0.21,7,24,0
54620,16895,34,0,0.17,5,28,0
44125,21151,48,4,0.24,5,9,0
54036,12015,45,4,0.32,6,14,0
44852,3048,37,3,0.54,4,26,0
59323,12938,7,4,0.73,3,11,0
44455,19567,53,2,0.99,5,2,0
55656,17688,36,0,0.5,7,21,0
49561,17140,90,0,0.57,3,2,0
66890,13600,91,3,0.57,4,27,0
49229,8604,39,4,0.59,6,5,0
23404,17576,33,2,0.57,5,7,0
68928,10828,95,0,0.11,3,22,1
36414,25920,78,0,0.1,3,4,0
40193,17852,16,1,0.19,9,14,0
41065,12096,32,1,0.19,3,2,0
70616,11943,46,2,0.73,0,23,0
17964,14535,51,0,0.28,4,12,0
97066,13802,79,0,0.91,7,10,0
65840,20584,92,1,0.94,6,25,0
53348,15932,8,2,0.98,4,1,0
49176,11341,32,1,0.95,2,19,0
54283,24452,59,4,0.34,0,23,0
57816,15246,92,2,0.56,6,16,0
59678,18844,76,3,0.26,2,15,0
58334,11958,20,2,0.83,3,14,0
51343,16815,57,3,0.9,4,9,0
47039,16555,84,0,0.87,7,29,0
47730,5551,68,4,0.49,6,21,0
47076,25076,9,2,0.78,8,23,0
67006,21453,5,2,0.19,2,15,0
58903,13014,12,1,0.14,9,26,0
5894,9488,64,2,0.78,0,7,0
59838,16737,19,1,0.48,0,4,0
52921,15433,56,1,1.0,9,21,0
49719,16778,45,0,0.19,0,18,0
44172,15957,7,3,0.87,1,8,0
66861,17531,9,5,0.53,1,12,0
64212,22236,72,2,0.84,6,15,0
38406,17840,66,1,0.84,8,15,0
56105,9751,10,0,0.92,7,17,0
35425,21812,11,1,0.37,3,2,0
29305,23203,9,2,0.95,1,12,0
40599,30760,24,0,0.24,2,3,0
62935,9382,48,2,0.17,9,7,0
64296,16214,48,1,0.49,4,6,0
57696,4589,88,1,0.85,8,14,0
60876,17765,10,5,0.53,7,23,0
57742,12258,61,0,0.85,2,27,0
40377,24617,35,2,0.76,8,5,0
56478,11126,38,0,0.29,9,4,0
62006,6554,52,0,0.95,2,15,0
61314,12643,89,0,0.15,9,7,1
67833,5122,77,3,0.91,7,3,0
60624,18755,55,4,0.37,0,13,0
55271,4674,0,4,0.55,3,10,0
66052,15142,55,1,0.48,3,23,0
49602,4610,3,2,0.25,5,2,0
36771,13398,29,2,0.42,1,12,0
47553,23216,11,1,0.27,6,28,0
38826,16803,34,3,0.28,4,24,0
